insert into public.organizations (id, name, plan_price)
values ('00000000-0000-4000-8000-000000000001', 'Sabore Operacao', 69.90)
on conflict (id) do nothing;

insert into public.restaurant_units (id, organization_id, name, city, neighborhood, fiscal_enabled)
values (
  '00000000-0000-4000-8000-000000000101',
  '00000000-0000-4000-8000-000000000001',
  'Sabore Ponta Verde',
  'Maceio',
  'Ponta Verde',
  true
)
on conflict (id) do nothing;

insert into public.user_profiles (id, unit_id, name, role)
values
  ('00000000-0000-4000-8000-000000000201', '00000000-0000-4000-8000-000000000101', 'Bruno', 'owner'),
  ('00000000-0000-4000-8000-000000000202', '00000000-0000-4000-8000-000000000101', 'Ana Caixa', 'cashier'),
  ('00000000-0000-4000-8000-000000000203', '00000000-0000-4000-8000-000000000101', 'Rafa Cozinha', 'kitchen')
on conflict (id) do nothing;

insert into public.dining_tables (id, unit_id, label, seats, status)
values
  ('00000000-0000-4000-8000-000000000301', '00000000-0000-4000-8000-000000000101', 'Mesa 1', 2, 'open'),
  ('00000000-0000-4000-8000-000000000302', '00000000-0000-4000-8000-000000000101', 'Mesa 2', 4, 'free'),
  ('00000000-0000-4000-8000-000000000303', '00000000-0000-4000-8000-000000000101', 'Mesa 3', 6, 'free'),
  ('00000000-0000-4000-8000-000000000304', '00000000-0000-4000-8000-000000000101', 'Mesa 4', 4, 'closing')
on conflict (id) do nothing;

insert into public.customers (id, unit_id, name, phone, neighborhood)
values
  ('00000000-0000-4000-8000-000000000401', '00000000-0000-4000-8000-000000000101', 'Maria Eduarda', '+5582999991111', 'Jatiuca'),
  ('00000000-0000-4000-8000-000000000402', '00000000-0000-4000-8000-000000000101', 'Victor Lima', '+5582999992222', 'Ponta Verde')
on conflict (id) do nothing;

insert into public.ingredients (id, unit_id, name, measure, average_cost, minimum_stock)
values
  ('00000000-0000-4000-8000-000000000501', '00000000-0000-4000-8000-000000000101', 'Arroz cateto', 'kg', 7.80, 8),
  ('00000000-0000-4000-8000-000000000502', '00000000-0000-4000-8000-000000000101', 'Salmao fresco', 'kg', 72.00, 5),
  ('00000000-0000-4000-8000-000000000503', '00000000-0000-4000-8000-000000000101', 'Camarao limpo', 'kg', 58.00, 4),
  ('00000000-0000-4000-8000-000000000504', '00000000-0000-4000-8000-000000000101', 'Tomate italiano', 'kg', 9.50, 6),
  ('00000000-0000-4000-8000-000000000505', '00000000-0000-4000-8000-000000000101', 'Queijo coalho', 'kg', 38.00, 3),
  ('00000000-0000-4000-8000-000000000506', '00000000-0000-4000-8000-000000000101', 'Acai polpa', 'kg', 18.00, 8)
on conflict (id) do nothing;

insert into public.inventory_lots (id, ingredient_id, supplier, batch_code, quantity, expires_at, received_at)
values
  ('00000000-0000-4000-8000-000000000601', '00000000-0000-4000-8000-000000000501', 'Atacadao AL', 'ARZ-0426', 21, '2026-08-20', '2026-04-25'),
  ('00000000-0000-4000-8000-000000000602', '00000000-0000-4000-8000-000000000502', 'Mar Azul', 'SLM-0501', 6.2, '2026-05-05', '2026-05-01'),
  ('00000000-0000-4000-8000-000000000603', '00000000-0000-4000-8000-000000000503', 'Costa Sul', 'CAM-0429', 3.1, '2026-05-04', '2026-04-29'),
  ('00000000-0000-4000-8000-000000000604', '00000000-0000-4000-8000-000000000504', 'Ceasa', 'TOM-0502', 7.8, '2026-05-08', '2026-05-02'),
  ('00000000-0000-4000-8000-000000000605', '00000000-0000-4000-8000-000000000505', 'Laticinio Sertao', 'QJ-0418', 4.4, '2026-05-11', '2026-04-28'),
  ('00000000-0000-4000-8000-000000000606', '00000000-0000-4000-8000-000000000506', 'Norte Puro', 'ACA-0411', 15, '2026-07-02', '2026-04-20')
on conflict (id) do nothing;

insert into public.products (id, unit_id, name, category, price, active, preparation_area)
values
  ('00000000-0000-4000-8000-000000000701', '00000000-0000-4000-8000-000000000101', 'Poke salmao da casa', 'Pratos', 42.00, true, 'kitchen'),
  ('00000000-0000-4000-8000-000000000702', '00000000-0000-4000-8000-000000000101', 'Risoto de camarao', 'Pratos', 56.00, true, 'kitchen'),
  ('00000000-0000-4000-8000-000000000703', '00000000-0000-4000-8000-000000000101', 'Tapioca de queijo coalho', 'Entradas', 24.00, true, 'kitchen'),
  ('00000000-0000-4000-8000-000000000704', '00000000-0000-4000-8000-000000000101', 'Acai 500 ml', 'Sobremesas', 28.00, true, 'bar')
on conflict (id) do nothing;

insert into public.recipe_items (id, product_id, ingredient_id, quantity)
values
  ('00000000-0000-4000-8000-000000000801', '00000000-0000-4000-8000-000000000701', '00000000-0000-4000-8000-000000000501', 0.18),
  ('00000000-0000-4000-8000-000000000802', '00000000-0000-4000-8000-000000000701', '00000000-0000-4000-8000-000000000502', 0.16),
  ('00000000-0000-4000-8000-000000000803', '00000000-0000-4000-8000-000000000701', '00000000-0000-4000-8000-000000000504', 0.08),
  ('00000000-0000-4000-8000-000000000804', '00000000-0000-4000-8000-000000000702', '00000000-0000-4000-8000-000000000501', 0.14),
  ('00000000-0000-4000-8000-000000000805', '00000000-0000-4000-8000-000000000702', '00000000-0000-4000-8000-000000000503', 0.20),
  ('00000000-0000-4000-8000-000000000806', '00000000-0000-4000-8000-000000000703', '00000000-0000-4000-8000-000000000505', 0.12),
  ('00000000-0000-4000-8000-000000000807', '00000000-0000-4000-8000-000000000704', '00000000-0000-4000-8000-000000000506', 0.42)
on conflict (id) do nothing;

insert into public.orders (id, unit_id, code, channel, status, table_id, customer_id, delivery_fee, discount, fiscal_status, whatsapp_status, opened_at)
values
  ('00000000-0000-4000-8000-000000000901', '00000000-0000-4000-8000-000000000101', '101', 'table', 'preparing', '00000000-0000-4000-8000-000000000301', null, 0, 0, 'pending', 'not_sent', '2026-05-03T11:04:00-03:00'),
  ('00000000-0000-4000-8000-000000000902', '00000000-0000-4000-8000-000000000101', '102', 'delivery', 'new', null, '00000000-0000-4000-8000-000000000401', 8, 5, 'disabled', 'queued', '2026-05-03T11:18:00-03:00'),
  ('00000000-0000-4000-8000-000000000903', '00000000-0000-4000-8000-000000000101', '100', 'counter', 'paid', null, null, 0, 0, 'authorized', 'not_sent', '2026-05-03T10:42:00-03:00')
on conflict (id) do nothing;

insert into public.order_items (id, order_id, product_id, quantity, notes)
values
  ('00000000-0000-4000-8000-000000001001', '00000000-0000-4000-8000-000000000901', '00000000-0000-4000-8000-000000000701', 2, null),
  ('00000000-0000-4000-8000-000000001002', '00000000-0000-4000-8000-000000000901', '00000000-0000-4000-8000-000000000704', 1, 'sem granola'),
  ('00000000-0000-4000-8000-000000001003', '00000000-0000-4000-8000-000000000902', '00000000-0000-4000-8000-000000000702', 1, null),
  ('00000000-0000-4000-8000-000000001004', '00000000-0000-4000-8000-000000000902', '00000000-0000-4000-8000-000000000703', 1, null),
  ('00000000-0000-4000-8000-000000001005', '00000000-0000-4000-8000-000000000903', '00000000-0000-4000-8000-000000000704', 2, null)
on conflict (id) do nothing;

insert into public.payments (id, order_id, method, amount, received_at)
values ('00000000-0000-4000-8000-000000001101', '00000000-0000-4000-8000-000000000903', 'pix', 56.00, '2026-05-03T10:50:00-03:00')
on conflict (id) do nothing;

insert into public.cash_sessions (id, unit_id, opened_by, opened_at, opening_amount, expected_amount, status)
values (
  '00000000-0000-4000-8000-000000001201',
  '00000000-0000-4000-8000-000000000101',
  '00000000-0000-4000-8000-000000000202',
  '2026-05-03T11:30:00-03:00',
  150,
  206,
  'open'
)
on conflict (id) do nothing;

insert into public.inventory_movements (id, unit_id, ingredient_id, type, quantity, cost_impact, reason, created_at)
values
  ('00000000-0000-4000-8000-000000001301', '00000000-0000-4000-8000-000000000101', '00000000-0000-4000-8000-000000000502', 'receipt', 6.2, 446.40, 'Recebimento Mar Azul', '2026-05-01T09:12:00-03:00'),
  ('00000000-0000-4000-8000-000000001302', '00000000-0000-4000-8000-000000000101', '00000000-0000-4000-8000-000000000503', 'waste', -0.4, 23.20, 'Aparo acima do previsto', '2026-05-03T08:50:00-03:00')
on conflict (id) do nothing;

insert into public.whatsapp_templates (id, unit_id, name, category, status, monthly_price)
values
  ('00000000-0000-4000-8000-000000001401', '00000000-0000-4000-8000-000000000101', 'pedido_status_delivery', 'utility', 'approved', null),
  ('00000000-0000-4000-8000-000000001402', '00000000-0000-4000-8000-000000000101', 'promocao_semana', 'marketing', 'draft', 30.00)
on conflict (id) do nothing;
